city,property_type,area_sqft,bedrooms,price,year_listed
Lucknow,Plot,2147,0,5489106,2024
Delhi,Independent House,1360,3,23464068,2024
Delhi,Apartment,1929,1,22900709,2024
Lucknow,Apartment,1493,3,6489180,2023
Pune,Plot,1855,0,6700830,2021
Hyderabad,Apartment,657,1,4461387,2022
Bengaluru,Studio,349,1,2325697,2022
Hyderabad,Villa,3578,3,59295416,2024
Mumbai,Studio,596,1,4127439,2022
Delhi,Apartment,1956,2,22063289,2021
Bengaluru,Apartment,708,2,7639831,2022
Bengaluru,Villa,2760,4,64867693,2025
Lucknow,Studio,552,1,1708918,2022
Bengaluru,Independent House,1502,2,23281425,2025
Hyderabad,Independent House,1850,4,23422652,2025
Bengaluru,Independent House,1518,4,21861899,2021
Bengaluru,Apartment,1121,1,11523228,2023
Pune,Apartment,1179,2,11219836,2025
Lucknow,Plot,2712,0,4983900,2022
Delhi,Plot,4179,0,27007908,2025
Hyderabad,Studio,525,1,2368931,2021
Mumbai,Studio,550,1,5365929,2024
Delhi,Studio,379,1,3473776,2025
Lucknow,Villa,2533,4,27229910,2025
Lucknow,Villa,3804,3,32162559,2022
Mumbai,Plot,3896,0,28226392,2025
Lucknow,Independent House,1843,3,10947188,2022
Hyderabad,Independent House,2428,4,20741305,2023
Mumbai,Apartment,1754,1,19345796,2021
Lucknow,Independent House,2574,2,15298039,2021
Pune,Villa,2688,4,40775052,2022
Pune,Plot,1418,0,6142938,2025
Lucknow,Plot,4476,0,9549927,2022
Hyderabad,Independent House,1450,2,16691563,2024
Lucknow,Independent House,2305,2,12555841,2022
Hyderabad,Apartment,1807,1,14288116,2025
Lucknow,Independent House,2048,3,9860097,2022
Hyderabad,Plot,3219,0,10722253,2023
Hyderabad,Plot,1568,0,5249531,2022
Hyderabad,Apartment,1988,1,14074921,2021
Bengaluru,Studio,331,1,2475307,2024
Bengaluru,Villa,2690,5,60702437,2022
Mumbai,Apartment,1824,1,26412194,2024
Mumbai,Apartment,838,2,9459328,2021
Lucknow,Villa,2248,3,20873070,2025
Hyderabad,Apartment,1615,2,11130405,2021
Lucknow,Villa,2703,4,25400200,2025
Mumbai,Apartment,1406,1,16414303,2024
Lucknow,Plot,1941,0,4661550,2025
Pune,Studio,410,1,2253043,2022
Hyderabad,Villa,2095,4,26116455,2022
Bengaluru,Villa,4212,4,64086534,2021
Mumbai,Villa,2784,4,73070686,2022
Hyderabad,Villa,4624,5,61539895,2024
Delhi,Plot,4397,0,22314891,2023
Bengaluru,Apartment,1592,3,12438246,2022
Bengaluru,Apartment,605,1,6982974,2025
Mumbai,Plot,2680,0,19442545,2022
Delhi,Independent House,2154,3,34149300,2025
Delhi,Independent House,1116,4,17212815,2021
Pune,Independent House,1322,3,12376768,2022
Hyderabad,Independent House,1667,4,18338149,2023
Bengaluru,Independent House,1540,3,23141124,2023
Lucknow,Villa,4302,3,38841777,2024
Hyderabad,Apartment,928,3,5294507,2021
Mumbai,Studio,305,1,3020667,2023
Lucknow,Studio,335,1,1424972,2025
Pune,Studio,435,1,2728263,2025
Lucknow,Independent House,1753,2,10102134,2024
Bengaluru,Apartment,870,1,8635176,2025
Delhi,Independent House,2227,2,47973133,2025
Hyderabad,Plot,1281,0,5717652,2025
Lucknow,Villa,2743,4,25651819,2024
Delhi,Plot,4971,0,33944221,2024
Delhi,Villa,3439,3,65481473,2021
Delhi,Plot,2863,0,17231427,2024
Hyderabad,Independent House,1385,4,14669861,2024
Bengaluru,Studio,571,1,4156633,2023
Hyderabad,Plot,1654,0,5832272,2024
Bengaluru,Plot,3441,0,15622204,2022
Mumbai,Apartment,1590,2,19618266,2022
Hyderabad,Villa,4182,5,66371542,2025
Hyderabad,Plot,4660,0,13686481,2023
Pune,Independent House,1993,3,24499359,2025
Bengaluru,Villa,2407,4,46703212,2025
Hyderabad,Studio,346,1,1938996,2025
Bengaluru,Studio,594,1,3921638,2021
Lucknow,Studio,333,1,1077622,2022
Mumbai,Apartment,1776,2,24639568,2024
Pune,Independent House,1989,3,21586800,2025
Pune,Villa,2449,3,38506581,2024
Hyderabad,Plot,1751,0,6096926,2024
Delhi,Plot,3506,0,19812941,2022
Lucknow,Studio,597,1,1978204,2023
Hyderabad,Villa,2884,3,46804453,2025
Delhi,Apartment,1348,1,16538959,2025
Delhi,Villa,4139,5,89520183,2023
Delhi,Independent House,1418,2,28881264,2025
Mumbai,Apartment,1508,1,18309810,2021
Hyderabad,Villa,3798,5,51820465,2022
Hyderabad,Plot,2664,0,7023185,2022
Lucknow,Independent House,1122,3,7535197,2024
Bengaluru,Apartment,1111,1,12198948,2025
Pune,Apartment,1060,2,7164377,2021
Mumbai,Independent House,1795,2,36701379,2024
Pune,Apartment,662,1,4907631,2025
Lucknow,Villa,2183,4,15252328,2022
Lucknow,Studio,357,1,852913,2021
Bengaluru,Studio,303,1,2116356,2023
Pune,Plot,3332,0,14554048,2025
Bengaluru,Apartment,773,2,8160996,2024
Bengaluru,Studio,311,1,2183520,2022
Bengaluru,Apartment,1036,1,10791038,2024
Mumbai,Studio,473,1,5100157,2023
Lucknow,Studio,394,1,1076683,2021
Pune,Plot,1946,0,6649186,2022
Mumbai,Apartment,1463,3,15165013,2021
Hyderabad,Villa,2749,3,31756637,2021
Bengaluru,Independent House,1331,4,17401160,2021
Lucknow,Apartment,1966,1,8660869,2025
Pune,Villa,2672,4,34683930,2021
Mumbai,Apartment,1806,1,24719792,2024
Delhi,Independent House,1176,2,16571784,2022
Hyderabad,Apartment,1271,3,10468453,2025
Delhi,Studio,365,1,1812636,2021
Hyderabad,Independent House,1667,4,15545264,2021
Hyderabad,Villa,3313,5,44222250,2022
Lucknow,Apartment,1691,2,8835432,2023
Delhi,Apartment,1773,1,24917857,2024
Lucknow,Plot,1890,0,4088500,2021
Lucknow,Villa,4718,5,39670864,2024
Lucknow,Villa,2184,4,16956916,2022
Bengaluru,Studio,486,1,3273782,2022
Lucknow,Independent House,2743,3,14327502,2021
Lucknow,Villa,2346,5,23705343,2022
Hyderabad,Apartment,605,1,3941095,2022
Delhi,Villa,3114,3,74617967,2022
Hyderabad,Studio,332,1,1890533,2024
Delhi,Apartment,1250,2,13803802,2023
Mumbai,Studio,578,1,6489225,2025
Delhi,Studio,436,1,3054645,2022
Bengaluru,Independent House,1209,2,18957424,2025
Delhi,Studio,422,1,3814646,2024
Bengaluru,Studio,365,1,2222975,2024
Hyderabad,Villa,2948,4,36756699,2022
Hyderabad,Independent House,1811,4,18811131,2021
Pune,Independent House,1911,4,24367424,2022
Delhi,Studio,582,1,4465208,2023
Lucknow,Studio,444,1,1452242,2021
Lucknow,Apartment,1315,3,5427089,2022
Lucknow,Apartment,951,3,3689892,2022
Mumbai,Plot,3101,0,21211747,2025
Hyderabad,Studio,312,1,1638601,2023
Pune,Independent House,1675,2,18877795,2024
Lucknow,Villa,2134,4,19565542,2022
Pune,Independent House,1233,4,10831075,2021
Hyderabad,Plot,1887,0,6717991,2023
Mumbai,Apartment,1524,1,17696146,2025
Bengaluru,Plot,2464,0,13851084,2025
Pune,Independent House,2312,3,26827221,2024
Mumbai,Studio,342,1,3017972,2023
Bengaluru,Independent House,2703,3,36114960,2021
Bengaluru,Plot,4718,0,20566987,2021
Delhi,Plot,2097,0,13357876,2023
Mumbai,Apartment,808,1,11371834,2025
Pune,Studio,509,1,2878917,2021
Mumbai,Apartment,1911,1,22992311,2023
Delhi,Apartment,1927,1,24417214,2025
Hyderabad,Independent House,1502,4,16124389,2023
Pune,Independent House,1168,2,13881013,2022
Pune,Plot,2175,0,6864312,2021
Mumbai,Plot,1836,0,10851961,2024
Hyderabad,Independent House,2413,4,24465036,2024
Delhi,Studio,352,1,2400537,2021
Delhi,Studio,413,1,3189712,2024
Bengaluru,Villa,2705,3,60720172,2025
Lucknow,Apartment,1081,1,5239614,2022
Pune,Plot,3323,0,13697142,2025
Hyderabad,Independent House,1990,2,19653784,2024
Bengaluru,Apartment,1526,2,14835355,2023
Hyderabad,Studio,430,1,1942424,2022
Mumbai,Apartment,1906,3,23089815,2021
Lucknow,Plot,2130,0,4991805,2022
Delhi,Independent House,1166,4,15423995,2021
Delhi,Studio,523,1,3605648,2021
Delhi,Villa,3401,5,82452273,2023
Hyderabad,Studio,350,1,1672382,2025
Pune,Independent House,2967,4,40196972,2025
Mumbai,Villa,2939,4,75473145,2021
Lucknow,Studio,425,1,1325955,2022
Bengaluru,Villa,2713,5,49982544,2021
Pune,Studio,360,1,1913512,2024
Bengaluru,Studio,554,1,4129980,2023
Lucknow,Independent House,1992,4,17149449,2022
Pune,Villa,4975,5,65059207,2022
Pune,Studio,583,1,2911211,2023
Mumbai,Villa,3309,5,66288049,2021
Pune,Studio,475,1,2385702,2025
Mumbai,Apartment,1443,1,21441494,2024
Delhi,Villa,2714,3,63592705,2024
Delhi,Studio,312,1,2247158,2024
Lucknow,Studio,349,1,898875,2021
Hyderabad,Studio,441,1,2363251,2024
Lucknow,Plot,4614,0,9141407,2023
Hyderabad,Studio,442,1,2190083,2021
Mumbai,Independent House,1646,4,31482609,2021
Delhi,Independent House,1116,4,22255440,2025
Bengaluru,Independent House,1037,4,15185233,2021
Hyderabad,Plot,4144,0,14003255,2021
Mumbai,Apartment,729,1,9794274,2023
Pune,Plot,2863,0,9365206,2024
Lucknow,Studio,487,1,1511380,2025
Mumbai,Plot,4673,0,32528851,2023
Delhi,Apartment,1967,2,22412055,2024
Delhi,Studio,383,1,2181827,2021
Pune,Villa,2799,5,37943462,2023
Pune,Independent House,1329,4,17288677,2025
Hyderabad,Independent House,2616,2,24356122,2021
Mumbai,Studio,354,1,3106173,2022
Hyderabad,Plot,4168,0,15176371,2024
Mumbai,Villa,2506,5,82697658,2025
Lucknow,Apartment,1255,2,5470478,2025
Lucknow,Independent House,1253,3,7422951,2025
Delhi,Plot,3901,0,22052473,2025
Delhi,Plot,2738,0,14910245,2022
Bengaluru,Studio,432,1,2776523,2021
Bengaluru,Studio,598,1,4585411,2024
Pune,Villa,3914,4,56423488,2021
Mumbai,Plot,2854,0,16129488,2021
Lucknow,Studio,407,1,1040798,2022
Mumbai,Studio,456,1,3893863,2023
Bengaluru,Apartment,947,1,8535032,2024
Lucknow,Studio,448,1,1169515,2022
Hyderabad,Plot,2021,0,8638144,2025
Hyderabad,Plot,1582,0,6186063,2025
Delhi,Apartment,965,3,9335699,2021
Hyderabad,Villa,4243,4,64875103,2022
Bengaluru,Independent House,2246,4,33334710,2023
Delhi,Independent House,1251,4,19107973,2021
Mumbai,Villa,2140,4,58096366,2024
Pune,Villa,4202,5,73729754,2025
Lucknow,Plot,1792,0,3752352,2021
Mumbai,Plot,2239,0,12146068,2021
Mumbai,Independent House,1845,4,39272145,2024
Mumbai,Studio,348,1,3456119,2023
Bengaluru,Apartment,847,2,8625592,2025
Pune,Studio,311,1,1700521,2021
Pune,Studio,519,1,3248541,2025
Mumbai,Apartment,1669,3,24768294,2022
Bengaluru,Apartment,1253,3,13542118,2025
Bengaluru,Villa,3946,3,85941480,2025
Mumbai,Independent House,1829,2,35343521,2021
Pune,Independent House,2435,3,28142105,2022
Hyderabad,Villa,2757,4,40102379,2021
Bengaluru,Plot,2673,0,11375123,2022
Lucknow,Apartment,1975,2,7986700,2023
Bengaluru,Independent House,1361,4,18950621,2022
Pune,Villa,4080,5,69482032,2023
Hyderabad,Villa,2569,3,44152418,2024
Bengaluru,Apartment,1715,3,15773011,2022
Bengaluru,Plot,2552,0,11143896,2024
Delhi,Studio,468,1,4202020,2024
Hyderabad,Independent House,2898,4,32727789,2023
Bengaluru,Plot,3804,0,17311413,2021
Lucknow,Studio,363,1,1147388,2023
Mumbai,Plot,3174,0,22780499,2023
Lucknow,Apartment,1016,1,4623063,2024
Bengaluru,Studio,396,1,2569360,2021
Mumbai,Plot,1503,0,10453293,2021
Pune,Apartment,943,3,6599411,2021
Mumbai,Plot,1300,0,9317843,2024
Pune,Studio,302,1,1502524,2021
Mumbai,Villa,2848,4,95859082,2025
Lucknow,Independent House,1479,3,8703152,2021
Hyderabad,Independent House,1274,4,11477943,2022
Bengaluru,Independent House,1880,4,29791516,2025
Hyderabad,Plot,4388,0,15533435,2022
Lucknow,Studio,391,1,963651,2021
Hyderabad,Plot,2693,0,11456896,2025
Hyderabad,Plot,4362,0,14932410,2023
Bengaluru,Villa,4125,5,89390017,2025
Delhi,Independent House,2163,4,34393790,2025
Delhi,Plot,4235,0,21113072,2025
Pune,Independent House,2627,4,27044374,2023
Hyderabad,Plot,3952,0,14475694,2025
Mumbai,Villa,2720,5,75549709,2023
Mumbai,Villa,4160,3,107972361,2024
Bengaluru,Independent House,1444,2,23802924,2023
Lucknow,Independent House,1625,2,8838173,2023
Mumbai,Plot,1113,0,8448073,2025
Bengaluru,Plot,4172,0,22573123,2025
Bengaluru,Apartment,1320,2,15308743,2025
Mumbai,Studio,542,1,5209320,2025
Lucknow,Studio,307,1,991620,2024
Pune,Villa,4203,3,68818137,2025
Pune,Independent House,2741,3,36706657,2024
Pune,Studio,378,1,1834986,2021
Bengaluru,Plot,1436,0,6731501,2023
Hyderabad,Apartment,1306,1,11098894,2025
Hyderabad,Villa,4891,5,61180381,2021
Pune,Apartment,1523,3,11163030,2024
Lucknow,Plot,2857,0,6497255,2023
Mumbai,Studio,300,1,2695591,2025
Bengaluru,Apartment,891,3,9099194,2021
Hyderabad,Apartment,745,3,5185849,2023
Hyderabad,Villa,2958,4,48962977,2023
Lucknow,Independent House,2184,3,13487063,2021
Bengaluru,Plot,2626,0,14151153,2024
Lucknow,Independent House,1759,4,12872971,2025
Delhi,Apartment,1915,3,18910625,2024
Bengaluru,Studio,571,1,4519533,2024
Delhi,Plot,1175,0,6911913,2024
Hyderabad,Villa,4470,4,62196970,2021
Lucknow,Plot,2745,0,5842614,2021
Hyderabad,Independent House,2726,2,27606443,2021
Bengaluru,Studio,533,1,3839049,2023
Hyderabad,Apartment,881,2,6090176,2022
Bengaluru,Plot,1172,0,6557005,2025
Mumbai,Apartment,1675,1,24117589,2024
Mumbai,Villa,4580,3,141397645,2023
Mumbai,Villa,2838,4,77200888,2025
Delhi,Apartment,1438,1,15659790,2023
Pune,Apartment,1896,3,14585046,2025
Mumbai,Villa,3044,5,98370256,2025
Pune,Apartment,1658,2,14384883,2025
Hyderabad,Studio,405,1,1808082,2022
Bengaluru,Independent House,2212,4,34971997,2025
Pune,Studio,494,1,2809381,2024
Hyderabad,Apartment,1801,1,13629208,2025
Lucknow,Villa,2147,4,15124312,2022
Lucknow,Villa,2747,5,20231385,2021
Mumbai,Villa,3324,3,99175555,2023
Hyderabad,Independent House,1299,4,14464672,2025
Pune,Independent House,2736,4,29629192,2022
Mumbai,Apartment,880,2,11785511,2024
Mumbai,Plot,3061,0,22946103,2022
Bengaluru,Studio,540,1,4242277,2023
Mumbai,Plot,1601,0,13390884,2024
Mumbai,Independent House,2831,4,54714986,2025
Mumbai,Villa,4836,5,125251842,2021
Delhi,Villa,2530,3,53057741,2022
Bengaluru,Independent House,1773,4,28231838,2023
Mumbai,Plot,1808,0,12453407,2024
Hyderabad,Plot,4936,0,15010029,2024
Delhi,Apartment,1393,3,17223524,2025
Pune,Apartment,1676,2,12877237,2025
Bengaluru,Independent House,1823,2,20458522,2021
Hyderabad,Studio,448,1,1888710,2021
Mumbai,Studio,578,1,4802055,2023
Pune,Apartment,1583,3,11769125,2023
Lucknow,Independent House,1401,2,10896517,2023
Pune,Plot,1459,0,5132059,2022
Lucknow,Plot,1394,0,3290451,2025
Delhi,Independent House,1259,2,18062013,2022
Mumbai,Plot,2009,0,12039648,2022
Pune,Apartment,969,1,7700209,2025
Hyderabad,Apartment,630,1,4012640,2021
Bengaluru,Plot,1038,0,6911541,2025
Bengaluru,Independent House,1865,2,31416928,2025
Lucknow,Independent House,2563,2,17490367,2025
Pune,Studio,305,1,1656619,2023
Lucknow,Plot,1058,0,2740148,2025
Pune,Apartment,689,2,6107469,2025
Delhi,Apartment,1216,2,13503066,2025
Pune,Plot,2661,0,11777310,2025
Hyderabad,Plot,1820,0,7530988,2024
Hyderabad,Villa,3078,3,44864910,2025
Lucknow,Apartment,811,2,3573652,2023
Mumbai,Independent House,2688,3,42759679,2023
Mumbai,Villa,3471,4,76657529,2021
Mumbai,Apartment,1058,3,14026698,2021
Mumbai,Villa,2664,4,79866496,2025
Delhi,Independent House,2470,3,46192300,2025
Mumbai,Independent House,1459,4,31583982,2023
Mumbai,Apartment,1749,2,24184007,2024
Lucknow,Apartment,611,2,3122472,2025
Pune,Villa,2499,5,36863350,2022
Pune,Apartment,813,2,5422611,2021
Delhi,Plot,2144,0,13776400,2024
Delhi,Plot,3522,0,15170686,2023
Lucknow,Independent House,2288,4,13069117,2022
Lucknow,Plot,3183,0,7427320,2021
Delhi,Villa,3397,4,72520449,2024
Lucknow,Apartment,1488,2,6031235,2023
Pune,Studio,301,1,1797318,2025
Pune,Apartment,1964,3,19447673,2023
Pune,Independent House,2501,3,27003135,2025
Mumbai,Plot,3921,0,29144592,2024
Bengaluru,Villa,2101,5,36086830,2022
Pune,Villa,2938,5,51976267,2025
Delhi,Plot,4689,0,25393708,2022
Pune,Plot,3922,0,14293205,2022
Bengaluru,Villa,3400,3,71020079,2024
Delhi,Studio,379,1,3001592,2024
Bengaluru,Villa,2042,5,28090353,2021
Bengaluru,Studio,416,1,3510623,2023
Mumbai,Plot,1384,0,9013274,2025
Mumbai,Villa,2513,4,65497466,2024
Delhi,Independent House,2561,4,46570456,2021
Bengaluru,Apartment,616,3,6555160,2024
Lucknow,Villa,3900,5,32977312,2025
Hyderabad,Studio,544,1,2521476,2022
Delhi,Apartment,1233,1,13231912,2021
Bengaluru,Studio,510,1,3489540,2022
Mumbai,Plot,4634,0,32585734,2024
Bengaluru,Plot,2839,0,13344011,2022
Lucknow,Plot,2901,0,6610138,2022
Lucknow,Villa,3524,4,37250782,2024
Hyderabad,Apartment,1590,1,11778585,2023
Delhi,Plot,1977,0,11083501,2025
Hyderabad,Independent House,2843,3,23546560,2021
Hyderabad,Studio,574,1,2793493,2024
Mumbai,Villa,4048,3,80499786,2025
Bengaluru,Plot,3119,0,13746896,2021
Mumbai,Plot,2666,0,19226721,2022
Delhi,Villa,2439,4,59181867,2025
Lucknow,Apartment,1208,3,4687702,2022
Bengaluru,Apartment,854,1,7038592,2021
Delhi,Villa,2682,5,49844702,2021
Pune,Studio,329,1,1403695,2021
Delhi,Studio,379,1,3317508,2025
Lucknow,Studio,361,1,1108315,2025
Lucknow,Plot,2558,0,5958180,2025
Hyderabad,Independent House,2998,3,30420153,2022
Hyderabad,Independent House,2108,2,27142882,2025
Hyderabad,Independent House,2145,2,20626784,2022
Bengaluru,Studio,555,1,4589181,2025
Mumbai,Apartment,623,1,9073078,2023
Mumbai,Apartment,1245,1,17181440,2023
Pune,Villa,2733,5,44332776,2025
Lucknow,Studio,335,1,1015932,2022
Bengaluru,Independent House,1076,3,16482751,2024
Lucknow,Independent House,1859,2,12808879,2022
Pune,Independent House,2991,2,37167429,2023
Bengaluru,Plot,2808,0,14506779,2022
Delhi,Apartment,798,2,9391552,2024
Bengaluru,Plot,3277,0,15910457,2022
Bengaluru,Apartment,1395,3,15316314,2021
Bengaluru,Apartment,1445,2,17110741,2024
Bengaluru,Independent House,1438,2,20864294,2022
Delhi,Studio,385,1,3353350,2024
Delhi,Studio,529,1,4626656,2025
Hyderabad,Studio,329,1,1550377,2021
Mumbai,Plot,1065,0,6299341,2022
Lucknow,Villa,4164,4,41779870,2022
Hyderabad,Independent House,1999,4,23052132,2023
Bengaluru,Independent House,1212,2,16801829,2022
Delhi,Plot,2760,0,15657859,2023
Lucknow,Villa,4578,3,37434679,2022
Hyderabad,Independent House,2073,3,24243957,2025
Bengaluru,Independent House,1200,3,13985689,2022
Mumbai,Independent House,1254,3,28903584,2024
Mumbai,Independent House,2431,2,55500064,2024
Mumbai,Independent House,1243,3,26018723,2022
Pune,Studio,496,1,2910715,2025
Delhi,Plot,3622,0,20255227,2024
Lucknow,Villa,3699,3,32609980,2022
Delhi,Plot,3403,0,22317203,2024
Bengaluru,Independent House,1450,2,23720688,2022
Mumbai,Studio,385,1,4156238,2025
Bengaluru,Villa,4876,5,109558233,2025
Lucknow,Villa,2147,4,21540825,2023
Pune,Independent House,2630,4,34354419,2023
Bengaluru,Independent House,2444,2,36593800,2023
Pune,Independent House,1594,2,15900420,2021
Pune,Plot,3887,0,15279467,2021
Delhi,Villa,4409,5,86440302,2022
Lucknow,Plot,2888,0,4879612,2021
Pune,Independent House,2167,3,20400398,2022
Delhi,Plot,4603,0,21697463,2023
Bengaluru,Villa,2132,5,45465098,2025
Bengaluru,Plot,4258,0,21412436,2023
Bengaluru,Studio,490,1,3260096,2021
Bengaluru,Plot,3934,0,22830706,2025
Pune,Apartment,1128,1,7346447,2021
Bengaluru,Plot,1828,0,9640974,2021
Delhi,Apartment,756,3,10268443,2025
Mumbai,Villa,3576,5,97406388,2024
Lucknow,Villa,3238,5,29386956,2021
Pune,Independent House,1021,3,12493806,2021
Pune,Apartment,1470,3,9058972,2021
Mumbai,Studio,338,1,3963044,2025
Pune,Apartment,1045,1,8544784,2025
Mumbai,Plot,4127,0,25236755,2021
Pune,Apartment,1460,1,10965199,2025
Delhi,Plot,4001,0,19770040,2021
Delhi,Studio,544,1,4159547,2023
Pune,Villa,2267,3,36867881,2024
Hyderabad,Studio,490,1,2355499,2021
Mumbai,Independent House,1921,4,43743180,2024
Mumbai,Apartment,1545,2,21337564,2022
Delhi,Independent House,1051,2,18823992,2023
Delhi,Villa,3007,3,70407044,2025
Pune,Apartment,1952,1,17705616,2025
Pune,Villa,4738,3,75448531,2021
Lucknow,Independent House,1517,4,9820910,2021
Pune,Independent House,2449,2,32638015,2024
Hyderabad,Villa,2749,4,42454690,2023
Pune,Apartment,655,3,5560618,2025
Hyderabad,Apartment,1077,3,9402428,2024
Mumbai,Villa,2673,4,57971584,2021
Pune,Studio,478,1,2270109,2022
Mumbai,Studio,411,1,4263668,2022
Hyderabad,Villa,4391,3,85256984,2025
Lucknow,Apartment,1947,2,8287926,2025
Bengaluru,Apartment,991,1,9883321,2025
Mumbai,Independent House,2143,2,41582725,2022
Hyderabad,Apartment,1121,2,7055239,2022
Lucknow,Villa,2933,3,22438770,2022
Lucknow,Plot,2785,0,6322095,2022
Mumbai,Villa,3793,3,81390375,2021
Delhi,Studio,478,1,4305487,2024
Bengaluru,Villa,4902,5,100191025,2022
Hyderabad,Studio,306,1,1365806,2022
Delhi,Studio,318,1,2270343,2021
Mumbai,Villa,3469,3,95789186,2021
Lucknow,Studio,301,1,1041449,2023
Pune,Independent House,1000,2,9538586,2024
Lucknow,Independent House,2649,2,16939672,2024
Lucknow,Apartment,813,1,3429387,2022
Pune,Plot,2081,0,7497884,2024
Hyderabad,Villa,2236,4,40091614,2025
Bengaluru,Independent House,2104,3,30025386,2021
Mumbai,Studio,560,1,3983277,2022
Pune,Independent House,2176,4,28125967,2024
Bengaluru,Villa,4391,4,102244468,2025
Bengaluru,Villa,2176,4,39126274,2022
Lucknow,Studio,549,1,1501764,2022
Mumbai,Plot,3476,0,21590772,2021
Lucknow,Apartment,1012,3,4051911,2022
Lucknow,Independent House,2620,2,17728395,2024
Hyderabad,Apartment,1271,3,8555490,2024
Pune,Apartment,1597,1,9847450,2021
Bengaluru,Apartment,1694,3,19752416,2025
Bengaluru,Independent House,1349,3,23885828,2024
Pune,Apartment,1930,1,14614413,2025
Bengaluru,Apartment,869,3,7760701,2024
Hyderabad,Studio,478,1,1981723,2022
Bengaluru,Apartment,1599,3,15934605,2021
Bengaluru,Apartment,1849,2,17416996,2022
Delhi,Studio,441,1,2961168,2024
Delhi,Plot,2924,0,12590860,2021
Pune,Apartment,1002,2,7761218,2024
Hyderabad,Independent House,1568,2,15309222,2021
Bengaluru,Villa,4321,3,83656326,2023
Hyderabad,Independent House,1427,3,16720204,2025
Hyderabad,Apartment,1102,1,8857266,2025
Lucknow,Independent House,2311,4,17672906,2025
Delhi,Studio,493,1,3702198,2025
Bengaluru,Plot,2189,0,9547388,2022
Lucknow,Villa,3293,5,38115223,2025
Mumbai,Apartment,865,1,10053756,2023
Pune,Independent House,2596,2,34484493,2022
Mumbai,Plot,1410,0,7443715,2021
Bengaluru,Villa,4765,3,103465343,2021
Lucknow,Plot,4057,0,8167103,2022
Delhi,Apartment,1714,3,19679562,2025
Mumbai,Apartment,654,2,8650209,2024
Lucknow,Independent House,2298,4,12208760,2021
Lucknow,Studio,391,1,1394046,2025
Hyderabad,Apartment,1878,3,12626747,2022
Pune,Apartment,908,1,6593623,2022
Mumbai,Studio,500,1,4743915,2024
Pune,Studio,560,1,3156010,2024
Lucknow,Villa,4674,5,40920376,2025
Hyderabad,Studio,542,1,3082681,2025
Bengaluru,Studio,355,1,1789695,2021
Lucknow,Plot,1183,0,2344490,2025
Delhi,Villa,3834,5,68817511,2021
Lucknow,Studio,423,1,1359085,2025
Delhi,Independent House,1350,3,21826346,2022
Hyderabad,Villa,3101,5,38459763,2021
Pune,Apartment,1837,1,17362664,2025
Delhi,Studio,575,1,3972241,2022
Pune,Studio,539,1,2653183,2022
Mumbai,Apartment,1145,3,19090633,2025
Delhi,Apartment,1370,3,14683600,2022
Bengaluru,Villa,4267,4,89871503,2023
Mumbai,Independent House,2125,4,36773604,2024
Hyderabad,Independent House,2248,4,23375397,2024
Hyderabad,Studio,534,1,2060288,2021
Pune,Plot,3803,0,13713048,2023
Bengaluru,Independent House,2981,3,38594652,2021
Bengaluru,Apartment,956,2,7928279,2022
Delhi,Studio,338,1,3412526,2024
Lucknow,Independent House,1724,4,9855220,2021
Delhi,Plot,3939,0,16814722,2023
Bengaluru,Studio,429,1,3120877,2023
Delhi,Plot,3223,0,19144386,2023
Pune,Plot,2022,0,6893697,2022
Pune,Villa,2953,3,55409026,2023
Pune,Independent House,2915,4,39356275,2025
Delhi,Studio,327,1,2651252,2025
Delhi,Apartment,1384,3,15785040,2025
Pune,Independent House,2712,3,33355936,2023
Mumbai,Independent House,2787,3,54825414,2025
Mumbai,Apartment,1141,3,14442672,2021
Pune,Studio,457,1,3099445,2025
Mumbai,Apartment,1380,1,18812904,2024
Mumbai,Studio,590,1,4504297,2022
Lucknow,Independent House,2289,2,14555002,2023
Lucknow,Apartment,1960,3,8173963,2021
Pune,Independent House,2637,4,34239144,2025
Bengaluru,Studio,499,1,3733083,2023
Mumbai,Studio,373,1,4011783,2025
Lucknow,Apartment,1446,2,7235942,2024
Pune,Villa,4390,5,76010052,2024
Delhi,Villa,2650,4,41990629,2021
Lucknow,Studio,498,1,1241891,2022
Delhi,Studio,552,1,4457710,2024
Pune,Villa,4135,5,61733799,2025
Hyderabad,Apartment,1708,3,10410559,2022
Pune,Plot,1705,0,6946892,2024
Bengaluru,Plot,4684,0,16132476,2021
Pune,Villa,3071,5,46583431,2023
Hyderabad,Apartment,847,3,5140945,2021
Delhi,Plot,2082,0,14068279,2025
Pune,Independent House,1486,4,16019199,2021
Delhi,Villa,3349,3,78437756,2024
Lucknow,Studio,473,1,1277202,2021
Hyderabad,Villa,2958,3,41688037,2023
Pune,Villa,4604,3,57779172,2021
Pune,Apartment,1141,3,9294419,2022
Mumbai,Villa,2919,5,95170689,2025
Pune,Independent House,2162,2,25883193,2023
Hyderabad,Villa,4397,4,67420607,2024
Hyderabad,Plot,2420,0,10051519,2022
Hyderabad,Apartment,827,3,5462858,2022
Mumbai,Villa,2568,3,77980736,2025
Bengaluru,Apartment,1204,1,11997153,2025
Mumbai,Independent House,2580,2,53597592,2025
Lucknow,Studio,372,1,1373919,2025
Pune,Apartment,1647,3,13423374,2022
Delhi,Apartment,920,1,10859630,2023
Pune,Plot,4599,0,19897654,2025
Mumbai,Apartment,796,1,11980662,2022
Pune,Studio,372,1,1861489,2021
Delhi,Studio,495,1,3826191,2023
Bengaluru,Villa,2799,3,48629862,2021
Hyderabad,Apartment,670,3,5595280,2025
Bengaluru,Villa,4391,3,84763683,2025
Pune,Independent House,1981,2,20087656,2021
Hyderabad,Apartment,1112,2,8896480,2025
Pune,Apartment,1113,2,7839270,2022
Bengaluru,Independent House,2687,3,43141998,2023
Mumbai,Apartment,769,2,9449622,2023
Hyderabad,Apartment,1247,3,9122815,2023
Delhi,Apartment,841,3,10696666,2024
Hyderabad,Villa,2949,4,50715093,2025
Hyderabad,Villa,4257,4,54869504,2023
Mumbai,Studio,470,1,5163820,2025
Pune,Studio,343,1,1967914,2023
Delhi,Plot,3617,0,23118749,2024
Bengaluru,Plot,4394,0,19841662,2023
Delhi,Independent House,1601,4,25821342,2025
Pune,Plot,4085,0,12949150,2023
Pune,Studio,336,1,1464854,2021
Hyderabad,Villa,3080,5,55396293,2024
Mumbai,Studio,399,1,4055895,2023
Mumbai,Apartment,1448,1,20172733,2021
Lucknow,Independent House,1240,4,7853280,2024
Hyderabad,Independent House,2069,2,26760973,2025
Bengaluru,Independent House,2684,3,39444525,2022
Pune,Independent House,1238,3,13796599,2023
Mumbai,Plot,3624,0,26194143,2023
Hyderabad,Studio,455,1,2686777,2024
Mumbai,Villa,2392,3,64749876,2023
Bengaluru,Studio,357,1,2420319,2022
Delhi,Villa,3703,3,84512292,2025
Hyderabad,Independent House,2053,4,25476348,2023
Hyderabad,Apartment,659,2,3854876,2023
Bengaluru,Plot,2993,0,16421092,2023
Bengaluru,Plot,2567,0,13218698,2022
Mumbai,Apartment,1573,3,26995549,2024
Lucknow,Villa,4374,5,39943194,2021
Lucknow,Studio,331,1,1140071,2023
Pune,Plot,1515,0,6023629,2023
Delhi,Villa,4069,3,69488491,2022
Pune,Apartment,1570,2,12431418,2025
Lucknow,Villa,3038,4,23408649,2022
Lucknow,Independent House,1802,2,12253600,2025
Lucknow,Apartment,1685,2,7820225,2023
Pune,Villa,2057,4,31982342,2024
Hyderabad,Plot,4855,0,17504243,2024
Delhi,Plot,1087,0,5544891,2021
Pune,Apartment,1535,1,11902386,2025
Pune,Independent House,2055,3,23131813,2023
Pune,Plot,2506,0,10380552,2024
Hyderabad,Apartment,810,3,5860391,2022
Hyderabad,Plot,4209,0,13735725,2025
Hyderabad,Apartment,1878,1,12832997,2022
Mumbai,Independent House,1409,2,26209981,2021
Mumbai,Plot,2870,0,22856724,2025
Pune,Independent House,2065,4,25887925,2024
Pune,Studio,599,1,3701080,2024
Delhi,Villa,2948,5,60023554,2022
Lucknow,Plot,1299,0,2625530,2024
Bengaluru,Plot,3795,0,20432376,2024
Bengaluru,Studio,597,1,3773011,2024
Pune,Villa,3905,5,55744025,2022
Lucknow,Plot,1558,0,4152898,2024
Hyderabad,Independent House,1629,4,13717948,2023
Mumbai,Apartment,1018,1,14272018,2023
Hyderabad,Apartment,1358,1,8868436,2022
Delhi,Independent House,2718,3,42803962,2022
Hyderabad,Villa,3270,4,42104517,2022
Delhi,Independent House,2301,4,39170423,2024
Hyderabad,Plot,4046,0,11503971,2023
Lucknow,Villa,3635,4,31353502,2022
Mumbai,Studio,473,1,4688827,2021
Bengaluru,Apartment,1200,2,12589530,2023
Bengaluru,Villa,2714,4,58073049,2021
Bengaluru,Plot,2016,0,9457041,2022
Pune,Villa,4563,5,75732515,2024
Hyderabad,Studio,317,1,1334502,2022
Mumbai,Plot,1213,0,8683370,2025
Lucknow,Apartment,909,3,3679725,2021
Bengaluru,Apartment,1464,2,14207231,2023
Mumbai,Villa,3299,5,96459813,2024
Mumbai,Villa,4976,4,132599299,2022
Hyderabad,Villa,4067,3,55067994,2023
Lucknow,Independent House,1690,4,10674574,2022
Mumbai,Villa,2383,5,58698528,2021
Delhi,Studio,445,1,3655608,2023
Hyderabad,Plot,1706,0,7040521,2023
Bengaluru,Apartment,1274,2,13337686,2022
Hyderabad,Independent House,2435,3,27391689,2025
Delhi,Independent House,1386,4,19646962,2021
Pune,Studio,566,1,3053786,2022
Mumbai,Apartment,1500,1,22078756,2025
Delhi,Studio,573,1,4054372,2021
Mumbai,Independent House,1830,4,48030049,2025
Delhi,Plot,1349,0,7044180,2022
Delhi,Studio,361,1,2851009,2024
Hyderabad,Studio,337,1,1473543,2021
Delhi,Villa,4603,4,109536423,2023
Hyderabad,Apartment,779,1,6508282,2025
Lucknow,Studio,410,1,1320316,2024
Mumbai,Plot,2600,0,15845226,2021
Pune,Studio,409,1,2138108,2022
Mumbai,Independent House,1677,3,36614257,2023
Pune,Independent House,2493,2,26792673,2022
Mumbai,Plot,3692,0,25226476,2022
Pune,Villa,4136,5,58252683,2021
Bengaluru,Independent House,1502,2,24940324,2025
Pune,Villa,2070,4,32238906,2022
Lucknow,Plot,2381,0,5513821,2024
Pune,Plot,4154,0,17861864,2023
Hyderabad,Studio,426,1,2010165,2023
Pune,Apartment,1275,1,10676556,2024
Pune,Independent House,1375,2,18676732,2025
Bengaluru,Apartment,1773,1,17529276,2021
Pune,Villa,3159,3,40326188,2023
Bengaluru,Independent House,2651,4,41593181,2022
Pune,Independent House,2062,2,26968815,2024
Bengaluru,Independent House,1847,3,27690407,2023
Bengaluru,Villa,2978,5,62593368,2024
Delhi,Apartment,1647,1,17433050,2024
Lucknow,Independent House,2036,2,12454630,2023
Delhi,Villa,4699,4,106320649,2022
Mumbai,Studio,324,1,2477197,2021
Bengaluru,Independent House,2570,3,34174357,2023
Bengaluru,Plot,1447,0,8671344,2025
Pune,Plot,4326,0,21628537,2025
Lucknow,Villa,4634,4,33749829,2021
Mumbai,Villa,4887,5,135497972,2025
Hyderabad,Apartment,1243,2,9705515,2024
Bengaluru,Independent House,2321,4,38900381,2023
Delhi,Independent House,1597,4,25693802,2023
Bengaluru,Independent House,2867,4,38119766,2021
Bengaluru,Plot,2402,0,9883315,2025
Lucknow,Independent House,1067,3,6480447,2025
Bengaluru,Studio,592,1,4495579,2025
Delhi,Apartment,1741,1,17442524,2024
Pune,Villa,2398,4,40630507,2024
Mumbai,Independent House,1979,4,44362467,2022
Pune,Independent House,1898,2,26558904,2022
Delhi,Independent House,1482,3,19621934,2021
Delhi,Studio,422,1,2593637,2021
Hyderabad,Apartment,630,1,5076274,2024
Delhi,Studio,476,1,3280919,2023
Hyderabad,Apartment,1214,2,8814827,2024
Pune,Studio,513,1,2582244,2021
Hyderabad,Independent House,1563,4,14632663,2021
Hyderabad,Villa,3433,5,47953810,2021
Hyderabad,Studio,570,1,2884598,2022
Lucknow,Independent House,1376,2,10083176,2023
Lucknow,Villa,2160,5,15039416,2023
Delhi,Independent House,1537,2,25761108,2022
Bengaluru,Villa,3575,3,75584342,2022
Mumbai,Villa,4836,3,128882070,2021
Delhi,Apartment,876,3,8877184,2025
Bengaluru,Independent House,2835,3,33569995,2021
Hyderabad,Plot,3523,0,11246682,2022
Bengaluru,Independent House,2598,4,37509424,2025
Delhi,Independent House,1545,4,31298370,2025
Bengaluru,Apartment,1953,3,19294672,2024
Hyderabad,Plot,4984,0,13454612,2021
Mumbai,Studio,387,1,3103663,2023
Lucknow,Villa,2081,3,17818876,2023
